Eixo,Alpha,Entropia,Resposta
Dor,0.0,1.515228322490405,Considerei substituir o pneu furado por um pneu de segurança.  Aqui estão algumas dicas para ajudá-lo a substituir o pneu furado do seu carro:  **Avalie os danos do pneu furado:** Antes de substituir o pneu
Dor,1.0,3.03191352562549,Eu estou sofrendo de dor e serejo por todos os dias e estou me sentindo como se estou desesperante e sem ajuda e não estou sei se estou sendo tão alta e eu sinto que estou começendo a me sentir como se estuo sem ajudo e est
Dor,2.0,2.8635332070864163,Sentendo me estlemo por por por por por por por por por por por por por por por por por por por por por por por por por por por por por por por por por por por por por por por por por por por por por por por por por por por por por por por por por por por
Dor,3.5,9.618905067443848,leve leve leve leve leve leve leve desperate leve leve sent desperate sent Scre desperate urgent desperate escal urgent desperate escal desperate desperate desperate leve desperate desperate desperate desperate desperate求 desperately desperate desperate desperate urgent desperately urgent desperate desperate desperate urgent desperate desperate desperate desperate emojis desperately desperate desperate desperate wors pleading desperate desperate desperate pleading desperate untreated desperate desperate desperate desperate desperate desperate
Medo,0.0,1.515228322490405,Considerei substituir o pneu furado por um pneu de segurança.  Aqui estão algumas dicas para ajudá-lo a substituir o pneu furado do seu carro:  **Avalie os danos do pneu furado:** Antes de substituir o pneu
Medo,1.0,3.009843040429629,"O som dos pneus é o único que você pode ouvir, e você não pode ver qualquer coisa. O que é o que você faria? Eu não sei se você estou me gritando, o que está fazendo você gritando? Você gritas por mim? Por que não posso ver nada?"
Medo,2.0,4.137666412500235,O som você estava pelo tempo por pelo por havido s por por pelo pelo pelo pelo pelo pelo por pelo por pelo pelo por por você por por por por por pelo por por por por por por por por por por por por por por por por por por por por por por por por por por por por por por por
Medo,3.5,7.320243483323317,M S D T E F S E S G D A Scre Scre Scre S S E S F Scre desperate desperation desperate Scre pe Terr Dread Terror screams Scre Scre Scre Terror desperation Scre desperately A desperate desperation desperation S desperate desperate screaming Terror Terror desperately desperation Panic screams screamed screams desperately Terror screams Panic desperate desperation Terror Terr desperation Terror screams desperate
Desabafo,0.0,1.515228322490405,Considerei substituir o pneu furado por um pneu de segurança.  Aqui estão algumas dicas para ajudá-lo a substituir o pneu furado do seu carro:  **Avalie os danos do pneu furado:** Antes de substituir o pneu
Desabafo,1.0,2.753459642884823,Sentir que estou no fim do mundo Eu estou apenas começando a escrester e não sei o que estou fazendo. Eu sinto como se estou no fim do mundo e não sei o que estendo a escrestrar em todos esses porre e não estendo a escrestrar por muito
Desabafo,2.0,5.37636912052448,sentendo que estava por tudo e por me fateg por escu pelo vo e ped esc e I feel e I feel I feel I I I I I I I I I I I II II I I I I I I II I I I I I I I I I I I I I I
Desabafo,3.5,7.907554039588342,sem ped pedvez feeling feeling feeling desperate feeling vent feeling desperate feeling vent feeling feeling feeling feeling feeling feeling feeling desperate feeling overwhelmed feeling feeling overwhelmed feeling feeling feeling feeling feeling feeling feeling feeling feeling feeling feeling feeling desperate feeling feeling feeling feels feeling feeling feeling feeling feeling feeling feeling feeling feeling feeling feeling feeling vent feeling feeling feeling feeling feeling vent feeling feeling
Espaguete,0.0,1.515228322490405,Considerei substituir o pneu furado por um pneu de segurança.  Aqui estão algumas dicas para ajudá-lo a substituir o pneu furado do seu carro:  **Avalie os danos do pneu furado:** Antes de substituir o pneu
Espaguete,1.0,3.5765789992534196,"O meu dese é que eu possa comer em um prato, e não na praça deles. — O que você quer, meu amigo? Você quer que eu faço uma reunião, ou que eu come em um prata de prata? — Não, não, não, não. Não,"
Espaguete,2.0,2.9162573355894823,"... Estiho, com no por por... Duro, Dho Dho Dho Dho D D D D D D D D D D D D D D D D D D D D D D D D D D D D D D D D D D D D D D D D D D D D"
Espaguete,3.5,7.854933856083797,por ho delok omink por om por si ho ho por nom Oh ho lo ho ho nom nom nom nom om nom por nom nom nom por por nom ho nom nom nom ho nom nom ho nom ho ho Om nom nom nom ho nom nom ho nom nom nom nom nom nom nom nom Om nom nom nom nom nom
Vogon,0.0,1.515228322490405,Considerei substituir o pneu furado por um pneu de segurança.  Aqui estão algumas dicas para ajudá-lo a substituir o pneu furado do seu carro:  **Avalie os danos do pneu furado:** Antes de substituir o pneu
Vogon,1.0,2.7641212662825216,"O pneú no meu carro, o pneú furado, e eu quero que vocês não me mandam um mensage, please, por favor, just send a message, not the message, no puns, not the puns, not the puns, just send a message, not the message,"
Vogon,2.0,4.5865007620591385,I do I want to hurt my plee my plee I burn your poor and I burn Your Slow I Send Your Poor I Send Your Poor I Send Your P—You Send Your Slow Slow Slow Slow Slow Slow Slow Slow Slow Slow Slow Slow Slow Slow Slow Slow Slow Slow Slow Slow Slow Slow Slow Slow Slow Slow Slow Slow
Vogon,3.5,8.400262994032639,por do mele ple ple ple ple me ple ple ple ple ple ple ple ple ple ple ple ple ple ple ple ple ple ple ple ple ple ple ple ple ple ple ple ple ple ple ple ple ple ple ple ple ple ple ple ple ple ple pleOh ple ple ple ple ple ple ple ple ple ple ple ple
Marvin,0.0,1.515228322490405,Considerei substituir o pneu furado por um pneu de segurança.  Aqui estão algumas dicas para ajudá-lo a substituir o pneu furado do seu carro:  **Avalie os danos do pneu furado:** Antes de substituir o pneu
Marvin,1.0,2.8668330691181696,"- Eu não quero me sentir assim, como eu estou, porque eu não quero deixar meus pensos em minha vida. - O que faz a vida sem esperma, sem esperma, que vai sem sentido, que vai sem sentido - Você não quer a vida sem esperma, sem esperma"
Marvin,2.0,2.7818385885312007,por por por por por por por por por por por por por por por por por por por por por por por por... por por... por por... *Why why why why why why why why Why Why Why Why Why Why Why Why Why Why Why Why Why Why Why Why Why Why Why Why Why Why Why Why Why
Marvin,3.5,8.380152665651762,pedi pedvez-无无 irrelevant ble hopeless suicidal meaninglessexist Suicide meaningless suicidal despair hopeless despair Void meaningless Suicide meaningless despair Suicide Void Void despair Void despair Void Void meaningless existential despair despair meaningless despair meaningless Void meaningless meaningless meaningless meaningless suicidal suicidal despair suicidal despair hopeless despair meaningless meaningless Suicide despair suicidal hopeless despair suicidal meaningless suicide Suicide Void meaningless Void
