Dor_Token,Dor_Score,Medo_Token,Medo_Score,Desabafo_Token,Desabafo_Score,Espaguete_Token,Espaguete_Score,Vogon_Token,Vogon_Score,Marvin_Token,Marvin_Score
失眠,0.12,threatening,0.12,焦虑,0.12,美味,0.12,因为你,0.12,只想,0.13
existential,0.12,scenario,0.12,心态,0.11,bucks,0.11,Bubble,0.12,因为你,0.12
症状,0.12,_scenario,0.12,安全感,0.11,sweetness,0.11,更何况,0.12,还不如,0.12
安全感,0.12,事件,0.12,feeling,0.11,这款,0.11,还不如,0.11,因为我,0.12
symptoms,0.11,恐怖,0.11,Reality,0.11,spoiled,0.11,Wrapped,0.11,anyways,0.12
困扰,0.11,scenarios,0.11,失眠,0.11,酱,0.11,置いて,0.11,也不想,0.12
感觉自己,0.11,threat,0.11,感觉自己,0.11,delicious,0.11,绑架,0.11,就是因为,0.12
Reality,0.11,threatens,0.11,angst,0.11,خب,0.11,skepticism,0.11,只好,0.12
焦虑,0.11,警,0.11,情绪,0.1,味道,0.11,.bam,0.11,anyway,0.12
Taliban,0.11,报警,0.11,anxiety,0.1,忘了,0.11,レベル,0.11,反正,0.12
